iter	RMSE
0	98157544.74
1	87044004.88
2	78003189.67
3	70599484.47
4	65125517.11
5	61002180.86
6	57275615.89
7	54750165.88
8	52922346.35
9	51468505.35
10	50077618.02
11	49076540.54
12	48231784.31
13	47563078.65
14	46846443.37
15	46316658.08
16	45599045.12
17	45154974.23
18	44554204.38
19	44179437.32
20	43924717.79
21	43538845.3
22	43159815.85
23	42755420.3
24	42500879.95
25	42267985.98
26	42130158.72
27	42031711.46
28	41867185.72
29	41604809.61
30	41225266.7
31	40998892.43
32	40711096.78
33	40477803
34	40247370.84
35	40138057.94
36	39994481.46
37	39845332.45
38	39527997.27
39	39432629.52
40	39310123.5
41	39107920.7
42	38926448.48
43	38344021.48
44	38288767.74
45	37882883.29
46	37835837.1
47	37746299.81
48	37554276.32
49	37420558.43
50	37249597.29
51	37143353.61
52	37079750.12
53	36972141.64
54	36873713.28
55	36637848.92
56	36509418.58
57	36351336.5
58	36150777.86
59	36005409.99
60	35754324.26
61	35659664.28
62	35622289.9
63	35462938.49
64	35374491.35
65	35289956.43
66	35158163.68
67	35043930.61
68	34603845.94
69	34445149.51
70	34297272.77
71	34174483.46
72	33991464.69
73	33969024.46
74	33889755.97
75	33871004.32
76	33603237.87
77	33348509.78
78	33156721.87
79	32924450.79
80	32789068.44
81	32650841.21
82	32590699.71
83	32442779.94
84	32386690.38
85	32320597.02
86	32167693.8
87	32037950.68
88	31809882.65
89	31625719.8
90	31490961.02
91	31329150.25
92	31154031.52
93	31014106.54
94	30919835.45
95	30844496.27
96	30767654.65
97	30713882.34
98	30578451.63
99	30426009.6
100	30344370.66
101	30284890.38
102	30105343.89
103	29942969.39
104	29891080.46
105	29815102.93
106	29663360.77
107	29531471.6
108	29492957.31
109	29445173.4
110	29385920.89
111	29353125.72
112	29271178.04
113	29228007.58
114	29140107.87
115	29069989.66
116	28907722.5
117	28764813.47
118	28690319.94
119	28550737.09
120	28372054.15
121	28267536.07
122	28220699.79
123	28133488.8
124	28014357.48
125	27864760.64
126	27808935.77
127	27727614.7
128	27706818.51
129	27681109.94
130	27641010.72
131	27495543.41
132	27374642.89
133	27331152.03
134	27242357.02
135	27203228.08
136	27158140.32
137	27055284.85
138	26999038.97
139	26858922.83
140	26748719.25
141	26642016.89
142	26532033.03
143	26439580.44
144	26332539.76
145	26277666.39
146	26248114.97
147	26172583.66
148	26130565.02
149	26089654.29
150	26007274.34
151	25965242.97
152	25845459.9
153	25733097.44
154	25676971.45
155	25600360.2
156	25549218.01
157	25439845.11
158	25304653.26
159	25156371.71
160	25099308.67
161	25051986.74
162	24943874.85
163	24832986.09
164	24757489.22
165	24713498.62
166	24629753.76
167	24579672.57
168	24542941.1
169	24489870.6
170	24426247.84
171	24412694.15
172	24370838.88
173	24356374.47
174	24337218.94
175	24280100.27
176	24229064.13
177	24132231.33
178	24067919.4
179	23978741.39
180	23928881.56
181	23865067.94
182	23788154.7
183	23763238.78
184	23689400.76
185	23632556.89
186	23604525.51
187	23540545.29
188	23521844.46
189	23485661.37
190	23435793.15
191	23366706.59
192	23326049.43
193	23294730.17
194	23226777.14
195	23163455.62
196	23099600.94
197	23045626.46
198	22969883.56
199	22929739.57
200	22862192.3
201	22834585.8
202	22806199.22
203	22708978.73
204	22673757.83
205	22639225.21
206	22593510.39
207	22553672.33
208	22538890.51
209	22489197.28
210	22452546.7
211	22426514.62
212	22346630.73
213	22287315.61
214	22237542.17
215	22217209.33
216	22175574.37
217	22132081.81
218	22113685.26
219	22064955.68
220	22032760.39
221	21983906.46
222	21972528.12
223	21921485.8
224	21903997.94
225	21860338.35
226	21808098.49
227	21738409.05
228	21685694.43
229	21654611.57
230	21605498.67
231	21587787.55
232	21570831.02
233	21539578.98
234	21501289.1
235	21447431.94
236	21408252.66
237	21364612.28
238	21324655.37
239	21256581.39
240	21202883.65
241	21166947.76
242	21111002.78
243	21041255.14
244	20992485.92
245	20923657.64
246	20865921.6
247	20835916.25
248	20810935.22
249	20782670.39
250	20754932.99
251	20690695.05
252	20649303.33
253	20598227.51
254	20536744.19
255	20471221.54
256	20449275.31
257	20420910.74
258	20386104.24
259	20364744.23
260	20330980.61
261	20272610.91
262	20231423.61
263	20168579.53
264	20129905.55
265	20108338.76
266	20048819.48
267	20027965.82
268	19978941.83
269	19953385.24
270	19934088.62
271	19897120.17
272	19870719.74
273	19851690.95
274	19825110.24
275	19800235.25
276	19768110.23
277	19739044.95
278	19714898.73
279	19693534.15
280	19638078.84
281	19626236.05
282	19614520.47
283	19611226.47
284	19580856.29
285	19529423.76
286	19478544.36
287	19435812.89
288	19397021.35
289	19347401.43
290	19310071.31
291	19297656.59
292	19276428.07
293	19239347.16
294	19186627.77
295	19157405.99
296	19134183.04
297	19118993.08
298	19064262.67
299	19037997.67
300	19021580.08
301	19006569.91
302	18995118.64
303	18958554.05
304	18943140.29
305	18934380.4
306	18918080.54
307	18892838.79
308	18867202.35
309	18822904.6
310	18809281.52
311	18771816.96
312	18730056.18
313	18694506.1
314	18663859.12
315	18650877.6
316	18628460.09
317	18607757.91
318	18577688.14
319	18558060.3
320	18489796.11
321	18474108.12
322	18444456.09
323	18432250.53
324	18406371.13
325	18399915
326	18355858.42
327	18338209
328	18329181.59
329	18293626.97
330	18248817.25
331	18220051.19
332	18194059.56
333	18151973.5
334	18110570.04
335	18089443.98
336	18061724.75
337	18037878.92
338	18022829.41
339	17982502.97
340	17975162.79
341	17960356.37
342	17945767.13
343	17936616.32
344	17906709.41
345	17851679.21
346	17840650.17
347	17822923.67
348	17805109.06
349	17781546.52
350	17756206.23
351	17754743.92
352	17746233.58
353	17711323.93
354	17686310.76
355	17651902.97
356	17615094.17
357	17576304.53
358	17551555.57
359	17503253.95
360	17477312.34
361	17455450.73
362	17428344.26
363	17403142.57
364	17393170.6
365	17382846.87
366	17334404.03
367	17293123.14
368	17285180.64
369	17258481.53
370	17251394.75
371	17213002.54
372	17193478.82
373	17172430
374	17123277.49
375	17087855.45
376	17020955.68
377	16970053.04
378	16950002.99
379	16934626.56
380	16924999.85
381	16922843.77
382	16894776.47
383	16878459.1
384	16871945.87
385	16853437.42
386	16826252.16
387	16781247.23
388	16757820.77
389	16734411.61
390	16713999.55
391	16703778.75
392	16690603.88
393	16677882.56
394	16649687.27
395	16626950.39
396	16611086.36
397	16576036.75
398	16556613.81
399	16551199.81
400	16535880.07
401	16518452.29
402	16493478.45
403	16455851.27
404	16422333.48
405	16400563.81
406	16389720.91
407	16379690.06
408	16351489.11
409	16337627.2
410	16323970.15
411	16299286.97
412	16281262.79
413	16271390.5
414	16262844.97
415	16251120.48
416	16243476.31
417	16226011.9
418	16199595.7
419	16171446.12
420	16166616.8
421	16137670.18
422	16126372.94
423	16105503.47
424	16069644.68
425	16066589.33
426	16031943.79
427	15984725.32
428	15960838.02
429	15925088.93
430	15908626.41
431	15891546.68
432	15880222.41
433	15877138.9
434	15847356.01
435	15818412.01
436	15808988.34
437	15785585.98
438	15760489.89
439	15745535.72
440	15724019.09
441	15700067.38
442	15629282.17
443	15600964.33
444	15590945.33
445	15576318.69
446	15537636.77
447	15533626.97
448	15522788.11
449	15520554.47
450	15502003.57
451	15468092.35
452	15453762.56
453	15407238.91
454	15393766.7
455	15384037.12
456	15372594.84
457	15352128.38
458	15336307.02
459	15313602.19
460	15291194.17
461	15263312.19
462	15245327.09
463	15221314.75
464	15189118.82
465	15166585.33
466	15156290.73
467	15147215.19
468	15137183.4
469	15134005.53
470	15122608.22
471	15106453.94
472	15085862.88
473	15060216.47
474	15028692.27
475	15014336.26
476	15002254.27
477	14990833.82
478	14965836.97
479	14952617.07
480	14920897.73
481	14892559.43
482	14885939.48
483	14870187.64
484	14843774.84
485	14828448.79
486	14826018.44
487	14798624.67
488	14785347.21
489	14766536.92
490	14746752
491	14733479.69
492	14725924.99
493	14715880.8
494	14707408
495	14698665.18
496	14673707.45
497	14659563.59
498	14637274.13
499	14623156.4
500	14617204.39
501	14599225.81
502	14553493.17
503	14548944.17
504	14536709.35
505	14527013.1
506	14514238.71
507	14491853.73
508	14480142.7
509	14469350.02
510	14449664.7
511	14439385.56
512	14432893.35
513	14417794.45
514	14389982.13
515	14360551.43
516	14330321.53
517	14319828.64
518	14313488.68
519	14301995.82
520	14274413.47
521	14247588.94
522	14236646.13
523	14222591.82
524	14196530.55
525	14190996.28
526	14187252.53
527	14176952.44
528	14155646.34
529	14134057.63
530	14132302.79
531	14117850.87
532	14103228.51
533	14089901.01
534	14076382.25
535	14072097.92
536	14052664.29
537	14035367.73
538	14023000.81
539	14001673.53
540	13987081.84
541	13969228.49
542	13955061.91
543	13941635.46
544	13933002.74
545	13916015.11
546	13898229.85
547	13894656.57
548	13888015.54
549	13879634.63
550	13866397.84
551	13845761.76
552	13813695.21
553	13805408.98
554	13779008.49
555	13772505.67
556	13767403.83
557	13757122.81
558	13740996.73
559	13731905.07
560	13722987.96
561	13712686.06
562	13705309.02
563	13693637.8
564	13679462.57
565	13661903.66
566	13649648.36
567	13640376.4
568	13625830.17
569	13607333
570	13599171.22
571	13585577
572	13579325.36
573	13569975.59
574	13562566.13
575	13537065.9
576	13517712.97
577	13508548.73
578	13488781.96
579	13467556.74
580	13439614.5
581	13430894.37
582	13415496.02
583	13403871.49
584	13396693.49
585	13388342.71
586	13362137.46
587	13341919.07
588	13325776.92
589	13318218.04
590	13312423.5
591	13305781.73
592	13285634.94
593	13271337.74
594	13254895.4
595	13246035.78
596	13227458.46
597	13203445.06
598	13185047.63
599	13183283.55
600	13172600.97
601	13156920.43
602	13149106.66
603	13133236.31
604	13125408.43
605	13110973
606	13098335.44
607	13080079.85
608	13074470.48
609	13042124.22
610	13035962.13
611	13032195.66
612	13015222.45
613	13005767.65
614	12991654.39
615	12968072.85
616	12965257.1
617	12945053.72
618	12936170.74
619	12927837.76
620	12919660.96
621	12914598.34
622	12908101.08
623	12885321.81
624	12863076.68
625	12849449.28
626	12832263.11
627	12810625.33
628	12795275.3
629	12778521.38
630	12756337.96
631	12740688.41
632	12723004
633	12696846.11
634	12694429.34
635	12680280.15
636	12666640.06
637	12657785.6
638	12648303.98
639	12635208.94
640	12626580.85
641	12606112.83
642	12600705.78
643	12591511.06
644	12583064.86
645	12576678.27
646	12561190.82
647	12542249.67
648	12526855.97
649	12519728.67
650	12510723.96
651	12503962.39
652	12487705.2
653	12470727.27
654	12455988.12
655	12443850.37
656	12431052.38
657	12410898.09
658	12381791.75
659	12361487.75
660	12355540.84
661	12347472.18
662	12339757.47
663	12334027.64
664	12324513.57
665	12318493.06
666	12311462.52
667	12303701.71
668	12296069.72
669	12289659.42
670	12283357.61
671	12277922.27
672	12263047.98
673	12254233.65
674	12248245.87
675	12237032.03
676	12223998.1
677	12217113.55
678	12200303.16
679	12199007.14
680	12185355.24
681	12171318.6
682	12161325.32
683	12150771.38
684	12140180.17
685	12133329.11
686	12127127.26
687	12118576.04
688	12108905.32
689	12100321.88
690	12093061.38
691	12080777.84
692	12075258.68
693	12061290.16
694	12044677.97
695	12038300.37
696	12033134.99
697	12023779.07
698	12016326.8
699	12013631.27
700	12009077.87
701	11997020.94
702	11985288.45
703	11976638.44
704	11974703.69
705	11963104.59
706	11948811.2
707	11941083.87
708	11935423.77
709	11928629.3
710	11914829.66
711	11908523.64
712	11905135.22
713	11898935.74
714	11881686.8
715	11872277.32
716	11859338.69
717	11849097.03
718	11844245.06
719	11840457.31
720	11835384.34
721	11815892.52
722	11811415.52
723	11799669.23
724	11794041.06
725	11792588.2
726	11785741.73
727	11776397.35
728	11763596.14
729	11744878.99
730	11735738
731	11719525.2
732	11708646.18
733	11690625.47
734	11675692.55
735	11665377.42
736	11649408.3
737	11646600.97
738	11628307.91
739	11610386.14
740	11595404.32
741	11581477.4
742	11578894.5
743	11576748.75
744	11571336.79
745	11564619.25
746	11553349
747	11541327.17
748	11533069.32
749	11526371.72
750	11516093.51
751	11498291.83
752	11481603.99
753	11475798.76
754	11464860.26
755	11442089.44
756	11429203.94
757	11421602.58
758	11411470.78
759	11401908.58
760	11396096.84
761	11385987.05
762	11379508.03
763	11371321.28
764	11364848.48
765	11352333.52
766	11347611.58
767	11334948.73
768	11328790
769	11318798.63
770	11310418.51
771	11304998.82
772	11300811.63
773	11294191.18
774	11279903.65
775	11266814.23
776	11259118.39
777	11249945.43
778	11245595.38
779	11235075.51
780	11228682.72
781	11223922.96
782	11205977.49
783	11187187.23
784	11177578.54
785	11165962.58
786	11160536.56
787	11142122.1
788	11132085.98
789	11107660.6
790	11103778.47
791	11095976.85
792	11082789.14
793	11068793.59
794	11051832.88
795	11043873.14
796	11031788.86
797	11024937.35
798	11014594.64
799	11004188.13
800	11002206.12
801	10983678.96
802	10979121.3
803	10976854.92
804	10975809.82
805	10964735.7
806	10958459.76
807	10946975.17
808	10941623.22
809	10927993.16
810	10923578.27
811	10912385.37
812	10904338.51
813	10895744.25
814	10888556.48
815	10888250.16
816	10877019.72
817	10871057.43
818	10858401.83
819	10853639.03
820	10845491.8
821	10835938.99
822	10828564.28
823	10822772.32
824	10814433.65
825	10811845.9
826	10806215.47
827	10801942.49
828	10789103.6
829	10780115.74
830	10773845.03
831	10765474.21
832	10752219.85
833	10746209.58
834	10738189.88
835	10733966.13
836	10727012.75
837	10714714.72
838	10705406.39
839	10703494.1
840	10692931.21
841	10686295.63
842	10679384.64
843	10669327.75
844	10659306.24
845	10656581.34
846	10653116.52
847	10644651.23
848	10637168.88
849	10626919.98
850	10616869.27
851	10602299.61
852	10592589.62
853	10583041.54
854	10579293.06
855	10573722.11
856	10565619.2
857	10559189.61
858	10551797.17
859	10549628.98
860	10540242.68
861	10533728.23
862	10530725.83
863	10523936.73
864	10511976.17
865	10502013.5
866	10497581.47
867	10492835.59
868	10480050.37
869	10472824.05
870	10467366.95
871	10459960.73
872	10451408.73
873	10447721.44
874	10439858.17
875	10433096.82
876	10429714.12
877	10421954.96
878	10408348.42
879	10403987.13
880	10400524.5
881	10386847.59
882	10380406.94
883	10371038.49
884	10356917.72
885	10349170.5
886	10345055.49
887	10325937.33
888	10319564.49
889	10309606.04
890	10303458.29
891	10298924.33
892	10290725.45
893	10286936.42
894	10279732.61
895	10275250.71
896	10261210.49
897	10248105.02
898	10246535.93
899	10236873.27
900	10226666.04
901	10222331.78
902	10220482.9
903	10209099.67
904	10197883.03
905	10190710.84
906	10185973.99
907	10179757.83
908	10167299.3
909	10163145.08
910	10159589.04
911	10156835.66
912	10149038.49
913	10147217.74
914	10140900.08
915	10131687.58
916	10124342.12
917	10118707.18
918	10108643.72
919	10099442.39
920	10094248.74
921	10083638.75
922	10077091.67
923	10067840.46
924	10058495.01
925	10047218.06
926	10041049.2
